identifier;typeidentifier;reportidentifier;desc;amount;state;photoidentifier;
"1";"3";"276";"Lorem ipsum";"48";"AMOUNTOK";"1";
"2";"5";"232";"Lorem";"17";"AMOUNTOK";"2";
"3";"2";"234";"Lorem ipsum dolor";"33";"AMOUNTOK";"3";
"4";"6";"144";"Lorem ipsum dolor";"42";"AMOUNTOVERMAX";"4";
"5";"1";"29";"Lorem ipsum dolor sit";"68";"AMOUNTOVERMAX";"5";
"6";"7";"135";"Lorem";"38";"AMOUNTOVERMAX";"6";
"7";"5";"285";"Lorem ipsum dolor";"29";"AMOUNTNONE";"7";
"8";"6";"162";"Lorem ipsum";"74";"AMOUNTNONE";"8";
"9";"4";"278";"Lorem";"50";"AMOUNTNONE";"9";
"10";"3";"79";"Lorem ipsum dolor sit";"65";"AMOUNTOK";"10";
"11";"3";"293";"Lorem ipsum";"69";"AMOUNTOK";"11";
"12";"7";"110";"Lorem ipsum dolor";"61";"AMOUNTOK";"12";
"13";"3";"154";"Lorem ipsum";"21";"AMOUNTOVERMAX";"13";
"14";"3";"100";"Lorem ipsum dolor";"73";"AMOUNTOVERMAX";"14";
"15";"4";"233";"Lorem ipsum dolor";"28";"AMOUNTOVERMAX";"15";
"16";"1";"220";"Lorem ipsum";"66";"AMOUNTNONE";"16";
"17";"5";"176";"Lorem ipsum dolor sit";"50";"AMOUNTNONE";"17";
"18";"2";"295";"Lorem ipsum dolor sit";"37";"AMOUNTNONE";"18";
"19";"1";"8";"Lorem ipsum dolor";"35";"AMOUNTOK";"19";
"20";"3";"92";"Lorem ipsum";"34";"AMOUNTOK";"20";
"21";"3";"253";"Lorem";"33";"AMOUNTOK";"21";
"22";"3";"11";"Lorem ipsum";"19";"AMOUNTOVERMAX";"22";
"23";"3";"191";"Lorem";"64";"AMOUNTOVERMAX";"23";
"24";"4";"92";"Lorem ipsum dolor sit";"44";"AMOUNTOVERMAX";"24";
"25";"7";"176";"Lorem ipsum dolor sit";"71";"AMOUNTNONE";"25";
"26";"1";"19";"Lorem";"54";"AMOUNTNONE";"26";
"27";"3";"47";"Lorem ipsum";"55";"AMOUNTNONE";"27";
"28";"7";"121";"Lorem ipsum dolor sit";"27";"AMOUNTOK";"28";
"29";"5";"112";"Lorem ipsum";"53";"AMOUNTOK";"29";
"30";"7";"268";"Lorem";"23";"AMOUNTOK";"30";
"31";"5";"19";"Lorem ipsum dolor sit";"14";"AMOUNTOVERMAX";"31";
"32";"4";"275";"Lorem ipsum dolor";"18";"AMOUNTOVERMAX";"32";
"33";"1";"275";"Lorem ipsum";"71";"AMOUNTOVERMAX";"33";
"34";"6";"178";"Lorem";"45";"AMOUNTNONE";"34";
"35";"6";"252";"Lorem";"57";"AMOUNTNONE";"35";
"36";"6";"182";"Lorem ipsum dolor sit";"63";"AMOUNTNONE";"36";
"37";"3";"191";"Lorem";"59";"AMOUNTOK";"37";
"38";"6";"47";"Lorem ipsum";"31";"AMOUNTOK";"38";
"39";"2";"167";"Lorem";"32";"AMOUNTOK";"39";
"40";"3";"240";"Lorem";"43";"AMOUNTOVERMAX";"40";
"41";"4";"178";"Lorem ipsum dolor sit";"40";"AMOUNTOVERMAX";"41";
"42";"5";"95";"Lorem ipsum dolor";"12";"AMOUNTOVERMAX";"42";
"43";"7";"89";"Lorem";"62";"AMOUNTNONE";"43";
"44";"4";"256";"Lorem ipsum dolor sit";"29";"AMOUNTNONE";"44";
"45";"6";"18";"Lorem";"57";"AMOUNTNONE";"45";
"46";"4";"140";"Lorem ipsum";"12";"AMOUNTOK";"46";
"47";"3";"153";"Lorem ipsum";"34";"AMOUNTOK";"47";
"48";"4";"164";"Lorem ipsum dolor";"22";"AMOUNTOK";"48";
"49";"6";"49";"Lorem ipsum";"27";"AMOUNTOVERMAX";"49";
"50";"4";"216";"Lorem ipsum dolor sit";"43";"AMOUNTOVERMAX";"50";
"51";"3";"13";"Lorem ipsum";"38";"AMOUNTOVERMAX";"51";
"52";"2";"147";"Lorem ipsum dolor";"60";"AMOUNTNONE";"52";
"53";"1";"180";"Lorem ipsum dolor sit";"62";"AMOUNTNONE";"53";
"54";"6";"105";"Lorem";"69";"AMOUNTNONE";"54";
"55";"4";"3";"Lorem ipsum";"54";"AMOUNTOK";"55";
"56";"5";"78";"Lorem ipsum dolor";"10";"AMOUNTOK";"56";
"57";"7";"165";"Lorem ipsum";"63";"AMOUNTOK";"57";
"58";"1";"72";"Lorem ipsum";"42";"AMOUNTOVERMAX";"58";
"59";"2";"56";"Lorem ipsum dolor sit";"66";"AMOUNTOVERMAX";"59";
"60";"6";"37";"Lorem";"50";"AMOUNTOVERMAX";"60";
"61";"4";"63";"Lorem ipsum dolor sit";"59";"AMOUNTNONE";"61";
"62";"6";"267";"Lorem ipsum dolor";"10";"AMOUNTNONE";"62";
"63";"7";"263";"Lorem";"68";"AMOUNTNONE";"63";
"64";"2";"265";"Lorem ipsum";"26";"AMOUNTOK";"64";
"65";"4";"204";"Lorem ipsum dolor";"23";"AMOUNTOK";"65";
"66";"5";"75";"Lorem ipsum";"41";"AMOUNTOK";"66";
"67";"1";"286";"Lorem";"39";"AMOUNTOVERMAX";"67";
"68";"1";"284";"Lorem ipsum";"46";"AMOUNTOVERMAX";"68";
"69";"6";"110";"Lorem ipsum dolor";"16";"AMOUNTOVERMAX";"69";
"70";"2";"60";"Lorem ipsum dolor";"38";"AMOUNTNONE";"70";
"71";"7";"250";"Lorem ipsum";"58";"AMOUNTNONE";"71";
"72";"6";"256";"Lorem";"63";"AMOUNTNONE";"72";
"73";"6";"37";"Lorem ipsum dolor";"17";"AMOUNTOK";"73";
"74";"2";"186";"Lorem";"28";"AMOUNTOK";"74";
"75";"6";"167";"Lorem ipsum";"37";"AMOUNTOK";"75";
"76";"1";"125";"Lorem ipsum dolor sit";"53";"AMOUNTOVERMAX";"76";
"77";"6";"184";"Lorem ipsum dolor";"70";"AMOUNTOVERMAX";"77";
"78";"4";"271";"Lorem";"45";"AMOUNTOVERMAX";"78";
"79";"6";"270";"Lorem ipsum dolor";"35";"AMOUNTNONE";"79";
"80";"1";"27";"Lorem ipsum";"19";"AMOUNTNONE";"80";
"81";"7";"38";"Lorem ipsum";"47";"AMOUNTNONE";"81";
"82";"5";"159";"Lorem ipsum dolor sit";"74";"AMOUNTOK";"82";
"83";"7";"241";"Lorem";"21";"AMOUNTOK";"83";
"84";"5";"10";"Lorem ipsum dolor";"26";"AMOUNTOK";"84";
"85";"3";"264";"Lorem ipsum";"37";"AMOUNTOVERMAX";"85";
"86";"6";"82";"Lorem ipsum dolor sit";"40";"AMOUNTOVERMAX";"86";
"87";"4";"74";"Lorem ipsum dolor";"14";"AMOUNTOVERMAX";"87";
"88";"4";"81";"Lorem ipsum dolor";"39";"AMOUNTNONE";"88";
"89";"5";"41";"Lorem ipsum dolor";"35";"AMOUNTNONE";"89";
"90";"7";"70";"Lorem ipsum dolor sit";"36";"AMOUNTNONE";"90";
"91";"5";"104";"Lorem ipsum dolor sit";"41";"AMOUNTOK";"91";
"92";"2";"84";"Lorem ipsum dolor";"59";"AMOUNTOK";"92";
"93";"5";"39";"Lorem ipsum dolor sit";"75";"AMOUNTOK";"93";
"94";"2";"111";"Lorem ipsum dolor";"16";"AMOUNTOVERMAX";"94";
"95";"4";"121";"Lorem ipsum dolor sit";"37";"AMOUNTOVERMAX";"95";
"96";"3";"6";"Lorem ipsum dolor";"37";"AMOUNTOVERMAX";"96";
"97";"4";"296";"Lorem ipsum dolor sit";"44";"AMOUNTNONE";"97";
"98";"2";"243";"Lorem ipsum dolor";"18";"AMOUNTNONE";"98";
"99";"1";"104";"Lorem ipsum dolor";"36";"AMOUNTNONE";"99";
"100";"1";"186";"Lorem";"73";"AMOUNTOK";"100";
"101";"5";"177";"Lorem ipsum dolor";"45";"AMOUNTOK";"101";
"102";"6";"138";"Lorem ipsum dolor sit";"44";"AMOUNTOK";"102";
"103";"1";"178";"Lorem";"39";"AMOUNTOVERMAX";"103";
"104";"3";"145";"Lorem ipsum dolor";"22";"AMOUNTOVERMAX";"104";
"105";"2";"296";"Lorem ipsum dolor sit";"13";"AMOUNTOVERMAX";"105";
"106";"4";"90";"Lorem ipsum dolor";"37";"AMOUNTNONE";"106";
"107";"3";"227";"Lorem ipsum dolor";"34";"AMOUNTNONE";"107";
"108";"4";"31";"Lorem ipsum dolor";"72";"AMOUNTNONE";"108";
"109";"6";"222";"Lorem ipsum";"47";"AMOUNTOK";"109";
"110";"7";"139";"Lorem ipsum dolor";"67";"AMOUNTOK";"110";
"111";"2";"292";"Lorem ipsum dolor sit";"10";"AMOUNTOK";"111";
"112";"6";"71";"Lorem";"64";"AMOUNTOVERMAX";"112";
"113";"7";"290";"Lorem ipsum dolor sit";"15";"AMOUNTOVERMAX";"113";
"114";"2";"88";"Lorem ipsum";"13";"AMOUNTOVERMAX";"114";
"115";"3";"52";"Lorem ipsum dolor sit";"15";"AMOUNTNONE";"115";
"116";"5";"276";"Lorem ipsum";"28";"AMOUNTNONE";"116";
"117";"7";"44";"Lorem ipsum";"38";"AMOUNTNONE";"117";
"118";"3";"214";"Lorem ipsum dolor sit";"75";"AMOUNTOK";"118";
"119";"7";"88";"Lorem ipsum";"47";"AMOUNTOK";"119";
"120";"7";"300";"Lorem ipsum";"71";"AMOUNTOK";"120";
"121";"1";"32";"Lorem";"59";"AMOUNTOVERMAX";"121";
"122";"5";"40";"Lorem ipsum dolor sit";"26";"AMOUNTOVERMAX";"122";
"123";"7";"233";"Lorem ipsum dolor sit";"23";"AMOUNTOVERMAX";"123";
"124";"1";"177";"Lorem ipsum dolor";"43";"AMOUNTNONE";"124";
"125";"1";"207";"Lorem ipsum dolor sit";"33";"AMOUNTNONE";"125";
"126";"2";"168";"Lorem ipsum dolor sit";"49";"AMOUNTNONE";"126";
"127";"2";"159";"Lorem ipsum dolor";"35";"AMOUNTOK";"127";
"128";"1";"214";"Lorem";"40";"AMOUNTOK";"128";
"129";"5";"1";"Lorem ipsum";"61";"AMOUNTOK";"129";
"130";"3";"295";"Lorem ipsum dolor";"31";"AMOUNTOVERMAX";"130";
"131";"5";"2";"Lorem ipsum";"46";"AMOUNTOVERMAX";"131";
"132";"4";"18";"Lorem";"35";"AMOUNTOVERMAX";"132";
"133";"7";"238";"Lorem";"57";"AMOUNTNONE";"133";
"134";"5";"292";"Lorem";"57";"AMOUNTNONE";"134";
"135";"2";"250";"Lorem";"59";"AMOUNTNONE";"135";
"136";"7";"97";"Lorem ipsum dolor sit";"25";"AMOUNTOK";"136";
"137";"7";"41";"Lorem";"73";"AMOUNTOK";"137";
"138";"1";"58";"Lorem ipsum dolor sit";"28";"AMOUNTOK";"138";
"139";"3";"247";"Lorem ipsum dolor sit";"55";"AMOUNTOVERMAX";"139";
"140";"2";"130";"Lorem ipsum dolor sit";"22";"AMOUNTOVERMAX";"140";
"141";"6";"87";"Lorem";"39";"AMOUNTOVERMAX";"141";
"142";"3";"153";"Lorem ipsum dolor";"63";"AMOUNTNONE";"142";
"143";"1";"151";"Lorem ipsum dolor";"21";"AMOUNTNONE";"143";
"144";"2";"286";"Lorem ipsum dolor";"59";"AMOUNTNONE";"144";
"145";"6";"19";"Lorem ipsum dolor";"16";"AMOUNTOK";"145";
"146";"2";"59";"Lorem ipsum";"29";"AMOUNTOK";"146";
"147";"5";"126";"Lorem ipsum dolor";"17";"AMOUNTOK";"147";
"148";"1";"243";"Lorem";"22";"AMOUNTOVERMAX";"148";
"149";"7";"136";"Lorem ipsum";"45";"AMOUNTOVERMAX";"149";
"150";"5";"86";"Lorem";"59";"AMOUNTOVERMAX";"150";
"151";"4";"239";"Lorem ipsum dolor sit";"17";"AMOUNTNONE";"151";
"152";"6";"112";"Lorem ipsum";"47";"AMOUNTNONE";"152";
"153";"6";"112";"Lorem ipsum dolor";"69";"AMOUNTNONE";"153";
"154";"2";"174";"Lorem ipsum";"34";"AMOUNTOK";"154";
"155";"6";"58";"Lorem ipsum";"73";"AMOUNTOK";"155";
"156";"4";"188";"Lorem ipsum dolor";"15";"AMOUNTOK";"156";
"157";"2";"134";"Lorem ipsum dolor";"36";"AMOUNTOVERMAX";"157";
"158";"4";"91";"Lorem ipsum dolor sit";"68";"AMOUNTOVERMAX";"158";
"159";"7";"250";"Lorem ipsum dolor";"44";"AMOUNTOVERMAX";"159";
"160";"3";"254";"Lorem";"58";"AMOUNTNONE";"160";
"161";"1";"167";"Lorem ipsum dolor sit";"48";"AMOUNTNONE";"161";
"162";"6";"172";"Lorem";"20";"AMOUNTNONE";"162";
"163";"4";"11";"Lorem ipsum dolor sit";"34";"AMOUNTOK";"163";
"164";"5";"146";"Lorem ipsum dolor";"66";"AMOUNTOK";"164";
"165";"2";"278";"Lorem ipsum dolor sit";"43";"AMOUNTOK";"165";
"166";"2";"228";"Lorem ipsum dolor";"17";"AMOUNTOVERMAX";"166";
"167";"7";"183";"Lorem ipsum dolor";"28";"AMOUNTOVERMAX";"167";
"168";"6";"106";"Lorem";"16";"AMOUNTOVERMAX";"168";
"169";"1";"283";"Lorem";"60";"AMOUNTNONE";"169";
"170";"3";"111";"Lorem ipsum dolor sit";"55";"AMOUNTNONE";"170";
"171";"6";"192";"Lorem ipsum dolor sit";"49";"AMOUNTNONE";"171";
"172";"1";"234";"Lorem ipsum dolor";"25";"AMOUNTOK";"172";
"173";"4";"249";"Lorem";"48";"AMOUNTOK";"173";
"174";"1";"218";"Lorem ipsum dolor sit";"75";"AMOUNTOK";"174";
"175";"5";"2";"Lorem";"75";"AMOUNTOVERMAX";"175";
"176";"2";"90";"Lorem";"66";"AMOUNTOVERMAX";"176";
"177";"7";"175";"Lorem ipsum";"51";"AMOUNTOVERMAX";"177";
"178";"4";"119";"Lorem";"12";"AMOUNTNONE";"178";
"179";"4";"202";"Lorem ipsum";"53";"AMOUNTNONE";"179";
"180";"4";"44";"Lorem ipsum";"31";"AMOUNTNONE";"180";
"181";"5";"298";"Lorem ipsum dolor sit";"31";"AMOUNTOK";"181";
"182";"1";"86";"Lorem ipsum dolor sit";"22";"AMOUNTOK";"182";
"183";"3";"207";"Lorem ipsum dolor";"31";"AMOUNTOK";"183";
"184";"2";"87";"Lorem ipsum dolor";"23";"AMOUNTOVERMAX";"184";
"185";"7";"143";"Lorem ipsum dolor";"13";"AMOUNTOVERMAX";"185";
"186";"5";"240";"Lorem ipsum dolor sit";"14";"AMOUNTOVERMAX";"186";
"187";"6";"103";"Lorem ipsum dolor";"49";"AMOUNTNONE";"187";
"188";"7";"127";"Lorem ipsum dolor sit";"22";"AMOUNTNONE";"188";
"189";"1";"294";"Lorem ipsum";"28";"AMOUNTNONE";"189";
"190";"5";"138";"Lorem";"69";"AMOUNTOK";"190";
"191";"2";"29";"Lorem";"60";"AMOUNTOK";"191";
"192";"3";"39";"Lorem";"67";"AMOUNTOK";"192";
"193";"4";"8";"Lorem ipsum";"63";"AMOUNTOVERMAX";"193";
"194";"2";"256";"Lorem ipsum dolor";"62";"AMOUNTOVERMAX";"194";
"195";"4";"71";"Lorem ipsum dolor sit";"64";"AMOUNTOVERMAX";"195";
"196";"4";"139";"Lorem ipsum dolor sit";"22";"AMOUNTNONE";"196";
"197";"6";"2";"Lorem ipsum dolor";"44";"AMOUNTNONE";"197";
"198";"7";"37";"Lorem";"41";"AMOUNTNONE";"198";
"199";"5";"116";"Lorem ipsum";"24";"AMOUNTOK";"199";
"200";"6";"94";"Lorem";"66";"AMOUNTOK";"200";
"201";"4";"234";"Lorem ipsum dolor";"72";"AMOUNTOK";"201";
"202";"3";"212";"Lorem ipsum dolor sit";"66";"AMOUNTOVERMAX";"202";
"203";"3";"186";"Lorem ipsum dolor";"72";"AMOUNTOVERMAX";"203";
"204";"2";"295";"Lorem";"19";"AMOUNTOVERMAX";"204";
"205";"7";"220";"Lorem ipsum dolor sit";"15";"AMOUNTNONE";"205";
"206";"5";"89";"Lorem";"55";"AMOUNTNONE";"206";
"207";"6";"85";"Lorem ipsum dolor";"11";"AMOUNTNONE";"207";
"208";"7";"127";"Lorem";"39";"AMOUNTOK";"208";
"209";"7";"283";"Lorem ipsum dolor";"36";"AMOUNTOK";"209";
"210";"4";"133";"Lorem ipsum dolor";"51";"AMOUNTOK";"210";
"211";"2";"260";"Lorem";"75";"AMOUNTOVERMAX";"211";
"212";"7";"55";"Lorem ipsum dolor";"52";"AMOUNTOVERMAX";"212";
"213";"2";"134";"Lorem ipsum dolor";"72";"AMOUNTOVERMAX";"213";
"214";"2";"239";"Lorem ipsum dolor sit";"43";"AMOUNTNONE";"214";
"215";"1";"40";"Lorem ipsum dolor sit";"51";"AMOUNTNONE";"215";
"216";"4";"246";"Lorem ipsum dolor";"46";"AMOUNTNONE";"216";
"217";"4";"71";"Lorem";"39";"AMOUNTOK";"217";
"218";"4";"117";"Lorem";"30";"AMOUNTOK";"218";
"219";"4";"23";"Lorem ipsum";"47";"AMOUNTOK";"219";
"220";"5";"163";"Lorem ipsum dolor";"17";"AMOUNTOVERMAX";"220";
"221";"7";"227";"Lorem ipsum dolor sit";"48";"AMOUNTOVERMAX";"221";
"222";"7";"83";"Lorem ipsum dolor";"55";"AMOUNTOVERMAX";"222";
"223";"1";"83";"Lorem ipsum dolor sit";"23";"AMOUNTNONE";"223";
"224";"4";"37";"Lorem";"20";"AMOUNTNONE";"224";
"225";"1";"185";"Lorem";"33";"AMOUNTNONE";"225";
"226";"4";"117";"Lorem";"44";"AMOUNTOK";"226";
"227";"6";"152";"Lorem ipsum dolor sit";"28";"AMOUNTOK";"227";
"228";"7";"4";"Lorem";"57";"AMOUNTOK";"228";
"229";"4";"211";"Lorem ipsum dolor";"22";"AMOUNTOVERMAX";"229";
"230";"4";"148";"Lorem";"39";"AMOUNTOVERMAX";"230";
"231";"3";"104";"Lorem";"65";"AMOUNTOVERMAX";"231";
"232";"5";"19";"Lorem ipsum dolor";"60";"AMOUNTNONE";"232";
"233";"2";"76";"Lorem";"27";"AMOUNTNONE";"233";
"234";"3";"206";"Lorem ipsum dolor";"12";"AMOUNTNONE";"234";
"235";"6";"234";"Lorem ipsum dolor";"22";"AMOUNTOK";"235";
"236";"2";"174";"Lorem ipsum";"48";"AMOUNTOK";"236";
"237";"1";"241";"Lorem ipsum dolor sit";"55";"AMOUNTOK";"237";
"238";"7";"143";"Lorem";"18";"AMOUNTOVERMAX";"238";
"239";"3";"217";"Lorem ipsum dolor sit";"65";"AMOUNTOVERMAX";"239";
"240";"4";"95";"Lorem ipsum dolor sit";"40";"AMOUNTOVERMAX";"240";
"241";"4";"184";"Lorem ipsum dolor";"11";"AMOUNTNONE";"241";
"242";"2";"26";"Lorem ipsum dolor";"60";"AMOUNTNONE";"242";
"243";"4";"287";"Lorem ipsum";"51";"AMOUNTNONE";"243";
"244";"5";"53";"Lorem ipsum";"74";"AMOUNTOK";"244";
"245";"2";"48";"Lorem ipsum dolor";"48";"AMOUNTOK";"245";
"246";"1";"251";"Lorem ipsum";"33";"AMOUNTOK";"246";
"247";"7";"268";"Lorem ipsum";"34";"AMOUNTOVERMAX";"247";
"248";"7";"33";"Lorem";"25";"AMOUNTOVERMAX";"248";
"249";"1";"95";"Lorem ipsum";"54";"AMOUNTOVERMAX";"249";
"250";"3";"102";"Lorem ipsum dolor";"49";"AMOUNTNONE";"250";
"251";"2";"246";"Lorem ipsum dolor sit";"47";"AMOUNTNONE";"251";
"252";"3";"242";"Lorem ipsum dolor sit";"48";"AMOUNTNONE";"252";
"253";"2";"133";"Lorem ipsum dolor";"69";"AMOUNTOK";"253";
"254";"7";"84";"Lorem ipsum dolor";"56";"AMOUNTOK";"254";
"255";"6";"298";"Lorem ipsum dolor sit";"40";"AMOUNTOK";"255";
"256";"6";"283";"Lorem ipsum dolor sit";"68";"AMOUNTOVERMAX";"256";
"257";"5";"276";"Lorem ipsum dolor sit";"75";"AMOUNTOVERMAX";"257";
"258";"2";"250";"Lorem ipsum dolor sit";"52";"AMOUNTOVERMAX";"258";
"259";"1";"31";"Lorem ipsum";"58";"AMOUNTNONE";"259";
"260";"4";"36";"Lorem ipsum dolor";"41";"AMOUNTNONE";"260";
"261";"6";"166";"Lorem ipsum";"25";"AMOUNTNONE";"261";
"262";"4";"134";"Lorem ipsum dolor sit";"52";"AMOUNTOK";"262";
"263";"1";"208";"Lorem";"38";"AMOUNTOK";"263";
"264";"2";"96";"Lorem ipsum dolor";"39";"AMOUNTOK";"264";
"265";"2";"110";"Lorem";"26";"AMOUNTOVERMAX";"265";
"266";"5";"265";"Lorem ipsum dolor sit";"30";"AMOUNTOVERMAX";"266";
"267";"7";"299";"Lorem ipsum dolor sit";"24";"AMOUNTOVERMAX";"267";
"268";"4";"154";"Lorem ipsum dolor sit";"66";"AMOUNTNONE";"268";
"269";"7";"296";"Lorem";"40";"AMOUNTNONE";"269";
"270";"7";"80";"Lorem ipsum";"66";"AMOUNTNONE";"270";
"271";"6";"174";"Lorem ipsum";"12";"AMOUNTOK";"271";
"272";"2";"117";"Lorem";"26";"AMOUNTOK";"272";
"273";"3";"46";"Lorem ipsum dolor sit";"75";"AMOUNTOK";"273";
"274";"3";"202";"Lorem ipsum";"50";"AMOUNTOVERMAX";"274";
"275";"7";"157";"Lorem ipsum";"48";"AMOUNTOVERMAX";"275";
"276";"4";"183";"Lorem ipsum dolor sit";"32";"AMOUNTOVERMAX";"276";
"277";"2";"91";"Lorem ipsum dolor";"24";"AMOUNTNONE";"277";
"278";"2";"255";"Lorem ipsum";"16";"AMOUNTNONE";"278";
"279";"4";"160";"Lorem ipsum";"52";"AMOUNTNONE";"279";
"280";"4";"236";"Lorem";"69";"AMOUNTOK";"280";
"281";"7";"273";"Lorem";"72";"AMOUNTOK";"281";
"282";"5";"62";"Lorem ipsum dolor";"48";"AMOUNTOK";"282";
"283";"1";"82";"Lorem";"27";"AMOUNTOVERMAX";"283";
"284";"6";"146";"Lorem ipsum dolor sit";"11";"AMOUNTOVERMAX";"284";
"285";"7";"279";"Lorem";"27";"AMOUNTOVERMAX";"285";
"286";"6";"162";"Lorem ipsum";"12";"AMOUNTNONE";"286";
"287";"4";"67";"Lorem";"53";"AMOUNTNONE";"287";
"288";"7";"146";"Lorem ipsum";"48";"AMOUNTNONE";"288";
"289";"7";"155";"Lorem ipsum dolor";"50";"AMOUNTOK";"289";
"290";"1";"189";"Lorem ipsum dolor";"48";"AMOUNTOK";"290";
"291";"7";"263";"Lorem ipsum dolor sit";"26";"AMOUNTOK";"291";
"292";"7";"166";"Lorem ipsum dolor";"68";"AMOUNTOVERMAX";"292";
"293";"7";"153";"Lorem ipsum dolor";"55";"AMOUNTOVERMAX";"293";
"294";"2";"294";"Lorem ipsum";"43";"AMOUNTOVERMAX";"294";
"295";"5";"98";"Lorem ipsum";"64";"AMOUNTNONE";"295";
"296";"1";"143";"Lorem ipsum";"52";"AMOUNTNONE";"296";
"297";"3";"42";"Lorem ipsum dolor sit";"66";"AMOUNTNONE";"297";
"298";"2";"134";"Lorem ipsum";"10";"AMOUNTOK";"298";
"299";"7";"48";"Lorem ipsum dolor sit";"72";"AMOUNTOK";"299";
"300";"4";"287";"Lorem ipsum dolor";"72";"AMOUNTOK";"300";
"301";"4";"254";"Lorem";"31";"AMOUNTOVERMAX";"301";
"302";"2";"30";"Lorem ipsum";"45";"AMOUNTOVERMAX";"302";
"303";"2";"269";"Lorem ipsum";"28";"AMOUNTOVERMAX";"303";
"304";"3";"285";"Lorem ipsum dolor sit";"69";"AMOUNTNONE";"304";
"305";"3";"156";"Lorem ipsum dolor sit";"63";"AMOUNTNONE";"305";
"306";"5";"57";"Lorem ipsum dolor sit";"42";"AMOUNTNONE";"306";
"307";"3";"250";"Lorem ipsum";"21";"AMOUNTOK";"307";
"308";"7";"66";"Lorem ipsum";"32";"AMOUNTOK";"308";
"309";"6";"216";"Lorem ipsum dolor sit";"29";"AMOUNTOK";"309";
"310";"5";"145";"Lorem ipsum dolor sit";"35";"AMOUNTOVERMAX";"310";
"311";"5";"160";"Lorem ipsum";"43";"AMOUNTOVERMAX";"311";
"312";"7";"119";"Lorem ipsum";"50";"AMOUNTOVERMAX";"312";
"313";"1";"25";"Lorem ipsum dolor sit";"27";"AMOUNTNONE";"313";
"314";"3";"222";"Lorem ipsum";"60";"AMOUNTNONE";"314";
"315";"3";"202";"Lorem ipsum dolor";"10";"AMOUNTNONE";"315";
"316";"1";"263";"Lorem ipsum dolor";"53";"AMOUNTOK";"316";
"317";"2";"281";"Lorem ipsum";"28";"AMOUNTOK";"317";
"318";"5";"79";"Lorem ipsum dolor sit";"43";"AMOUNTOK";"318";
"319";"5";"19";"Lorem ipsum dolor";"27";"AMOUNTOVERMAX";"319";
"320";"3";"229";"Lorem ipsum";"43";"AMOUNTOVERMAX";"320";
"321";"7";"208";"Lorem ipsum dolor sit";"15";"AMOUNTOVERMAX";"321";
"322";"1";"98";"Lorem ipsum dolor";"24";"AMOUNTNONE";"322";
"323";"6";"117";"Lorem ipsum dolor sit";"59";"AMOUNTNONE";"323";
"324";"5";"237";"Lorem ipsum dolor sit";"11";"AMOUNTNONE";"324";
"325";"6";"275";"Lorem ipsum dolor";"52";"AMOUNTOK";"325";
"326";"2";"96";"Lorem ipsum dolor";"65";"AMOUNTOK";"326";
"327";"4";"268";"Lorem";"23";"AMOUNTOK";"327";
"328";"1";"253";"Lorem ipsum dolor sit";"51";"AMOUNTOVERMAX";"328";
"329";"2";"210";"Lorem ipsum dolor sit";"69";"AMOUNTOVERMAX";"329";
"330";"6";"32";"Lorem ipsum dolor";"30";"AMOUNTOVERMAX";"330";
"331";"7";"68";"Lorem ipsum dolor sit";"31";"AMOUNTNONE";"331";
"332";"4";"142";"Lorem";"61";"AMOUNTNONE";"332";
"333";"6";"291";"Lorem ipsum";"39";"AMOUNTNONE";"333";
"334";"1";"284";"Lorem ipsum";"73";"AMOUNTOK";"334";
"335";"2";"163";"Lorem";"19";"AMOUNTOK";"335";
"336";"3";"168";"Lorem ipsum";"46";"AMOUNTOK";"336";
"337";"5";"118";"Lorem ipsum dolor";"50";"AMOUNTOVERMAX";"337";
"338";"7";"285";"Lorem ipsum dolor";"37";"AMOUNTOVERMAX";"338";
"339";"7";"106";"Lorem";"52";"AMOUNTOVERMAX";"339";
"340";"6";"196";"Lorem ipsum dolor sit";"14";"AMOUNTNONE";"340";
"341";"1";"37";"Lorem ipsum dolor";"41";"AMOUNTNONE";"341";
"342";"2";"95";"Lorem";"30";"AMOUNTNONE";"342";
"343";"2";"206";"Lorem ipsum";"44";"AMOUNTOK";"343";
"344";"7";"41";"Lorem";"72";"AMOUNTOK";"344";
"345";"3";"225";"Lorem ipsum dolor sit";"50";"AMOUNTOK";"345";
"346";"5";"188";"Lorem ipsum dolor sit";"41";"AMOUNTOVERMAX";"346";
"347";"2";"186";"Lorem ipsum";"32";"AMOUNTOVERMAX";"347";
"348";"7";"123";"Lorem ipsum dolor";"30";"AMOUNTOVERMAX";"348";
"349";"3";"292";"Lorem";"30";"AMOUNTNONE";"349";
"350";"6";"142";"Lorem ipsum dolor sit";"53";"AMOUNTNONE";"350";
"351";"2";"98";"Lorem ipsum dolor";"67";"AMOUNTNONE";"351";
"352";"6";"262";"Lorem ipsum dolor sit";"19";"AMOUNTOK";"352";
"353";"3";"259";"Lorem ipsum dolor";"72";"AMOUNTOK";"353";
"354";"7";"59";"Lorem ipsum dolor";"13";"AMOUNTOK";"354";
"355";"1";"131";"Lorem ipsum dolor sit";"48";"AMOUNTOVERMAX";"355";
"356";"1";"116";"Lorem ipsum dolor sit";"40";"AMOUNTOVERMAX";"356";
"357";"5";"105";"Lorem";"19";"AMOUNTOVERMAX";"357";
"358";"2";"79";"Lorem ipsum";"14";"AMOUNTNONE";"358";
"359";"4";"177";"Lorem ipsum dolor sit";"38";"AMOUNTNONE";"359";
"360";"6";"298";"Lorem ipsum dolor";"21";"AMOUNTNONE";"360";
"361";"1";"212";"Lorem ipsum dolor sit";"69";"AMOUNTOK";"361";
"362";"3";"14";"Lorem ipsum";"34";"AMOUNTOK";"362";
"363";"7";"211";"Lorem ipsum dolor";"42";"AMOUNTOK";"363";
"364";"5";"134";"Lorem ipsum";"41";"AMOUNTOVERMAX";"364";
"365";"2";"63";"Lorem ipsum dolor";"32";"AMOUNTOVERMAX";"365";
"366";"2";"70";"Lorem ipsum dolor sit";"75";"AMOUNTOVERMAX";"366";
"367";"6";"64";"Lorem ipsum dolor";"50";"AMOUNTNONE";"367";
"368";"5";"171";"Lorem ipsum";"71";"AMOUNTNONE";"368";
"369";"6";"35";"Lorem ipsum";"56";"AMOUNTNONE";"369";
"370";"6";"17";"Lorem ipsum";"13";"AMOUNTOK";"370";
"371";"2";"278";"Lorem ipsum";"22";"AMOUNTOK";"371";
"372";"5";"145";"Lorem ipsum";"25";"AMOUNTOK";"372";
"373";"3";"30";"Lorem ipsum";"14";"AMOUNTOVERMAX";"373";
"374";"7";"102";"Lorem ipsum";"34";"AMOUNTOVERMAX";"374";
"375";"3";"95";"Lorem";"30";"AMOUNTOVERMAX";"375";
"376";"4";"286";"Lorem ipsum dolor sit";"59";"AMOUNTNONE";"376";
"377";"6";"290";"Lorem ipsum";"13";"AMOUNTNONE";"377";
"378";"2";"109";"Lorem ipsum";"54";"AMOUNTNONE";"378";
"379";"5";"145";"Lorem ipsum";"55";"AMOUNTOK";"379";
"380";"4";"75";"Lorem ipsum dolor";"57";"AMOUNTOK";"380";
"381";"3";"5";"Lorem";"20";"AMOUNTOK";"381";
"382";"7";"94";"Lorem ipsum dolor";"25";"AMOUNTOVERMAX";"382";
"383";"2";"97";"Lorem ipsum";"54";"AMOUNTOVERMAX";"383";
"384";"1";"274";"Lorem";"51";"AMOUNTOVERMAX";"384";
"385";"7";"59";"Lorem ipsum dolor sit";"62";"AMOUNTNONE";"385";
"386";"6";"227";"Lorem ipsum";"53";"AMOUNTNONE";"386";
"387";"6";"267";"Lorem ipsum dolor";"75";"AMOUNTNONE";"387";
"388";"2";"214";"Lorem ipsum dolor";"75";"AMOUNTOK";"388";
"389";"7";"44";"Lorem ipsum dolor";"29";"AMOUNTOK";"389";
"390";"6";"85";"Lorem ipsum";"11";"AMOUNTOK";"390";
"391";"7";"161";"Lorem";"15";"AMOUNTOVERMAX";"391";
"392";"7";"138";"Lorem";"54";"AMOUNTOVERMAX";"392";
"393";"5";"92";"Lorem ipsum";"24";"AMOUNTOVERMAX";"393";
"394";"7";"183";"Lorem ipsum dolor";"36";"AMOUNTNONE";"394";
"395";"6";"70";"Lorem ipsum";"75";"AMOUNTNONE";"395";
"396";"6";"253";"Lorem ipsum";"24";"AMOUNTNONE";"396";
"397";"4";"210";"Lorem ipsum dolor";"32";"AMOUNTOK";"397";
"398";"5";"86";"Lorem ipsum";"53";"AMOUNTOK";"398";
"399";"4";"43";"Lorem ipsum";"15";"AMOUNTOK";"399";
"400";"1";"222";"Lorem ipsum dolor sit";"46";"AMOUNTOVERMAX";"400";
"401";"5";"242";"Lorem ipsum dolor";"18";"AMOUNTOVERMAX";"401";
"402";"5";"267";"Lorem ipsum";"24";"AMOUNTOVERMAX";"402";
"403";"1";"289";"Lorem ipsum dolor";"62";"AMOUNTNONE";"403";
"404";"4";"82";"Lorem";"22";"AMOUNTNONE";"404";
"405";"2";"66";"Lorem ipsum dolor";"69";"AMOUNTNONE";"405";
"406";"3";"177";"Lorem ipsum";"73";"AMOUNTOK";"406";
"407";"4";"129";"Lorem ipsum";"24";"AMOUNTOK";"407";
"408";"2";"177";"Lorem";"54";"AMOUNTOK";"408";
"409";"6";"168";"Lorem";"12";"AMOUNTOVERMAX";"409";
"410";"2";"121";"Lorem ipsum dolor sit";"73";"AMOUNTOVERMAX";"410";
"411";"1";"112";"Lorem ipsum dolor";"33";"AMOUNTOVERMAX";"411";
"412";"3";"151";"Lorem ipsum";"52";"AMOUNTNONE";"412";
"413";"5";"162";"Lorem ipsum";"70";"AMOUNTNONE";"413";
"414";"7";"13";"Lorem ipsum dolor sit";"60";"AMOUNTNONE";"414";
"415";"5";"254";"Lorem ipsum dolor sit";"70";"AMOUNTOK";"415";
"416";"5";"212";"Lorem ipsum";"30";"AMOUNTOK";"416";
"417";"1";"109";"Lorem";"24";"AMOUNTOK";"417";
"418";"3";"168";"Lorem";"60";"AMOUNTOVERMAX";"418";
"419";"6";"15";"Lorem ipsum dolor";"17";"AMOUNTOVERMAX";"419";
"420";"7";"186";"Lorem ipsum dolor sit";"39";"AMOUNTOVERMAX";"420";
"421";"3";"71";"Lorem ipsum dolor";"10";"AMOUNTNONE";"421";
"422";"5";"181";"Lorem";"33";"AMOUNTNONE";"422";
"423";"2";"77";"Lorem ipsum dolor sit";"10";"AMOUNTNONE";"423";
"424";"1";"253";"Lorem ipsum";"19";"AMOUNTOK";"424";
"425";"3";"285";"Lorem ipsum dolor sit";"49";"AMOUNTOK";"425";
"426";"7";"241";"Lorem ipsum dolor";"31";"AMOUNTOK";"426";
"427";"2";"25";"Lorem";"38";"AMOUNTOVERMAX";"427";
"428";"4";"161";"Lorem";"26";"AMOUNTOVERMAX";"428";
"429";"4";"177";"Lorem ipsum dolor sit";"13";"AMOUNTOVERMAX";"429";
"430";"7";"244";"Lorem ipsum dolor";"53";"AMOUNTNONE";"430";
"431";"4";"184";"Lorem ipsum";"59";"AMOUNTNONE";"431";
"432";"2";"40";"Lorem ipsum";"14";"AMOUNTNONE";"432";
"433";"2";"55";"Lorem ipsum dolor";"62";"AMOUNTOK";"433";
"434";"3";"182";"Lorem ipsum dolor";"62";"AMOUNTOK";"434";
"435";"7";"219";"Lorem ipsum dolor";"75";"AMOUNTOK";"435";
"436";"6";"191";"Lorem ipsum dolor sit";"28";"AMOUNTOVERMAX";"436";
"437";"5";"90";"Lorem";"23";"AMOUNTOVERMAX";"437";
"438";"1";"244";"Lorem";"57";"AMOUNTOVERMAX";"438";
"439";"6";"264";"Lorem ipsum dolor sit";"10";"AMOUNTNONE";"439";
"440";"2";"84";"Lorem ipsum dolor sit";"48";"AMOUNTNONE";"440";
"441";"5";"150";"Lorem ipsum dolor";"15";"AMOUNTNONE";"441";
"442";"1";"167";"Lorem ipsum";"35";"AMOUNTOK";"442";
"443";"3";"2";"Lorem ipsum dolor sit";"19";"AMOUNTOK";"443";
"444";"4";"99";"Lorem";"50";"AMOUNTOK";"444";
"445";"1";"27";"Lorem";"71";"AMOUNTOVERMAX";"445";
"446";"6";"176";"Lorem ipsum";"57";"AMOUNTOVERMAX";"446";
"447";"1";"48";"Lorem";"10";"AMOUNTOVERMAX";"447";
"448";"5";"47";"Lorem ipsum dolor sit";"17";"AMOUNTNONE";"448";
"449";"4";"138";"Lorem ipsum dolor sit";"17";"AMOUNTNONE";"449";
"450";"7";"105";"Lorem ipsum dolor";"38";"AMOUNTNONE";"450";
"451";"2";"210";"Lorem";"56";"AMOUNTOK";"451";
"452";"4";"162";"Lorem ipsum dolor sit";"70";"AMOUNTOK";"452";
"453";"6";"152";"Lorem ipsum";"35";"AMOUNTOK";"453";
"454";"5";"14";"Lorem ipsum dolor";"35";"AMOUNTOVERMAX";"454";
"455";"1";"151";"Lorem ipsum";"54";"AMOUNTOVERMAX";"455";
"456";"3";"103";"Lorem ipsum dolor sit";"56";"AMOUNTOVERMAX";"456";
"457";"5";"297";"Lorem ipsum dolor sit";"66";"AMOUNTNONE";"457";
"458";"4";"105";"Lorem ipsum dolor sit";"36";"AMOUNTNONE";"458";
"459";"2";"237";"Lorem ipsum";"67";"AMOUNTNONE";"459";
"460";"5";"52";"Lorem ipsum dolor sit";"54";"AMOUNTOK";"460";
"461";"5";"264";"Lorem ipsum";"72";"AMOUNTOK";"461";
"462";"2";"259";"Lorem ipsum dolor";"73";"AMOUNTOK";"462";
"463";"3";"33";"Lorem ipsum dolor";"42";"AMOUNTOVERMAX";"463";
"464";"1";"202";"Lorem ipsum dolor";"27";"AMOUNTOVERMAX";"464";
"465";"6";"47";"Lorem ipsum dolor sit";"17";"AMOUNTOVERMAX";"465";
"466";"7";"144";"Lorem ipsum";"35";"AMOUNTNONE";"466";
"467";"7";"109";"Lorem ipsum";"45";"AMOUNTNONE";"467";
"468";"1";"274";"Lorem ipsum dolor sit";"71";"AMOUNTNONE";"468";
"469";"3";"283";"Lorem";"54";"AMOUNTOK";"469";
"470";"1";"138";"Lorem ipsum dolor";"12";"AMOUNTOK";"470";
"471";"3";"6";"Lorem ipsum dolor sit";"61";"AMOUNTOK";"471";
"472";"4";"140";"Lorem ipsum dolor";"68";"AMOUNTOVERMAX";"472";
"473";"5";"248";"Lorem";"21";"AMOUNTOVERMAX";"473";
"474";"3";"234";"Lorem";"45";"AMOUNTOVERMAX";"474";
"475";"1";"116";"Lorem ipsum";"42";"AMOUNTNONE";"475";
"476";"6";"137";"Lorem ipsum";"31";"AMOUNTNONE";"476";
"477";"3";"101";"Lorem ipsum dolor sit";"18";"AMOUNTNONE";"477";
"478";"4";"121";"Lorem ipsum dolor sit";"72";"AMOUNTOK";"478";
"479";"4";"96";"Lorem ipsum dolor sit";"52";"AMOUNTOK";"479";
"480";"7";"264";"Lorem";"20";"AMOUNTOK";"480";
"481";"4";"116";"Lorem ipsum dolor sit";"11";"AMOUNTOVERMAX";"481";
"482";"3";"49";"Lorem";"29";"AMOUNTOVERMAX";"482";
"483";"4";"70";"Lorem ipsum dolor sit";"34";"AMOUNTOVERMAX";"483";
"484";"3";"286";"Lorem ipsum dolor sit";"39";"AMOUNTNONE";"484";
"485";"4";"154";"Lorem ipsum dolor";"73";"AMOUNTNONE";"485";
"486";"5";"62";"Lorem ipsum dolor sit";"49";"AMOUNTNONE";"486";
"487";"2";"147";"Lorem ipsum";"55";"AMOUNTOK";"487";
"488";"1";"294";"Lorem";"58";"AMOUNTOK";"488";
"489";"7";"204";"Lorem";"51";"AMOUNTOK";"489";
"490";"5";"185";"Lorem";"74";"AMOUNTOVERMAX";"490";
"491";"4";"277";"Lorem";"25";"AMOUNTOVERMAX";"491";
"492";"3";"79";"Lorem ipsum dolor";"49";"AMOUNTOVERMAX";"492";
"493";"1";"45";"Lorem ipsum dolor sit";"69";"AMOUNTNONE";"493";
"494";"7";"45";"Lorem ipsum";"23";"AMOUNTNONE";"494";
"495";"2";"19";"Lorem ipsum";"10";"AMOUNTNONE";"495";
"496";"4";"177";"Lorem ipsum dolor sit";"37";"AMOUNTOK";"496";
"497";"5";"81";"Lorem";"74";"AMOUNTOK";"497";
"498";"3";"219";"Lorem ipsum";"24";"AMOUNTOK";"498";
"499";"6";"165";"Lorem";"22";"AMOUNTOVERMAX";"499";
"500";"6";"237";"Lorem ipsum dolor sit";"59";"AMOUNTOVERMAX";"500";
"501";"4";"75";"Lorem ipsum dolor";"16";"AMOUNTOVERMAX";"501";
"502";"3";"201";"Lorem ipsum";"20";"AMOUNTNONE";"502";
"503";"4";"191";"Lorem ipsum dolor";"44";"AMOUNTNONE";"503";
"504";"7";"66";"Lorem";"19";"AMOUNTNONE";"504";
"505";"6";"68";"Lorem";"69";"AMOUNTOK";"505";
"506";"4";"137";"Lorem ipsum dolor sit";"42";"AMOUNTOK";"506";
"507";"5";"199";"Lorem ipsum";"50";"AMOUNTOK";"507";
"508";"7";"73";"Lorem";"45";"AMOUNTOVERMAX";"508";
"509";"1";"260";"Lorem";"58";"AMOUNTOVERMAX";"509";
"510";"1";"83";"Lorem ipsum dolor";"20";"AMOUNTOVERMAX";"510";
"511";"7";"235";"Lorem ipsum dolor sit";"71";"AMOUNTNONE";"511";
"512";"7";"164";"Lorem";"17";"AMOUNTNONE";"512";
"513";"6";"255";"Lorem ipsum";"56";"AMOUNTNONE";"513";
"514";"1";"30";"Lorem ipsum dolor sit";"74";"AMOUNTOK";"514";
"515";"1";"221";"Lorem ipsum dolor sit";"37";"AMOUNTOK";"515";
"516";"7";"173";"Lorem ipsum";"37";"AMOUNTOK";"516";
"517";"4";"130";"Lorem ipsum";"73";"AMOUNTOVERMAX";"517";
"518";"2";"26";"Lorem ipsum";"23";"AMOUNTOVERMAX";"518";
"519";"4";"109";"Lorem";"53";"AMOUNTOVERMAX";"519";
"520";"5";"13";"Lorem";"70";"AMOUNTNONE";"520";
"521";"7";"186";"Lorem ipsum";"30";"AMOUNTNONE";"521";
"522";"1";"279";"Lorem ipsum dolor sit";"43";"AMOUNTNONE";"522";
"523";"1";"203";"Lorem ipsum dolor";"32";"AMOUNTOK";"523";
"524";"4";"270";"Lorem";"69";"AMOUNTOK";"524";
"525";"3";"75";"Lorem ipsum dolor sit";"63";"AMOUNTOK";"525";
"526";"1";"142";"Lorem ipsum dolor";"60";"AMOUNTOVERMAX";"526";
"527";"4";"240";"Lorem ipsum dolor sit";"31";"AMOUNTOVERMAX";"527";
"528";"2";"248";"Lorem";"27";"AMOUNTOVERMAX";"528";
"529";"1";"194";"Lorem ipsum dolor";"43";"AMOUNTNONE";"529";
"530";"5";"40";"Lorem";"59";"AMOUNTNONE";"530";
"531";"5";"176";"Lorem ipsum";"12";"AMOUNTNONE";"531";
"532";"6";"243";"Lorem ipsum dolor sit";"57";"AMOUNTOK";"532";
"533";"1";"66";"Lorem ipsum dolor";"31";"AMOUNTOK";"533";
"534";"5";"61";"Lorem";"65";"AMOUNTOK";"534";
"535";"2";"291";"Lorem";"61";"AMOUNTOVERMAX";"535";
"536";"2";"219";"Lorem";"15";"AMOUNTOVERMAX";"536";
"537";"6";"277";"Lorem ipsum dolor sit";"44";"AMOUNTOVERMAX";"537";
"538";"1";"261";"Lorem ipsum dolor sit";"63";"AMOUNTNONE";"538";
"539";"3";"45";"Lorem";"62";"AMOUNTNONE";"539";
"540";"3";"78";"Lorem ipsum dolor";"33";"AMOUNTNONE";"540";
"541";"3";"41";"Lorem ipsum";"68";"AMOUNTOK";"541";
"542";"5";"293";"Lorem";"24";"AMOUNTOK";"542";
"543";"1";"46";"Lorem ipsum dolor sit";"70";"AMOUNTOK";"543";
"544";"1";"164";"Lorem ipsum dolor";"41";"AMOUNTOVERMAX";"544";
"545";"3";"65";"Lorem ipsum dolor";"62";"AMOUNTOVERMAX";"545";
"546";"6";"95";"Lorem";"20";"AMOUNTOVERMAX";"546";
"547";"7";"179";"Lorem";"17";"AMOUNTNONE";"547";
"548";"2";"258";"Lorem ipsum dolor sit";"40";"AMOUNTNONE";"548";
"549";"3";"156";"Lorem ipsum";"67";"AMOUNTNONE";"549";
"550";"6";"296";"Lorem ipsum dolor";"51";"AMOUNTOK";"550";
"551";"7";"133";"Lorem";"53";"AMOUNTOK";"551";
"552";"3";"168";"Lorem ipsum dolor";"37";"AMOUNTOK";"552";
"553";"7";"42";"Lorem ipsum dolor";"54";"AMOUNTOVERMAX";"553";
"554";"2";"51";"Lorem";"37";"AMOUNTOVERMAX";"554";
"555";"3";"64";"Lorem ipsum dolor";"12";"AMOUNTOVERMAX";"555";
"556";"2";"176";"Lorem ipsum dolor sit";"39";"AMOUNTNONE";"556";
"557";"5";"166";"Lorem ipsum dolor sit";"21";"AMOUNTNONE";"557";
"558";"2";"168";"Lorem ipsum dolor sit";"25";"AMOUNTNONE";"558";
"559";"3";"96";"Lorem ipsum dolor";"27";"AMOUNTOK";"559";
"560";"6";"164";"Lorem ipsum dolor sit";"64";"AMOUNTOK";"560";
"561";"6";"148";"Lorem ipsum dolor";"59";"AMOUNTOK";"561";
"562";"5";"108";"Lorem ipsum dolor";"22";"AMOUNTOVERMAX";"562";
"563";"4";"39";"Lorem ipsum";"10";"AMOUNTOVERMAX";"563";
"564";"1";"138";"Lorem";"61";"AMOUNTOVERMAX";"564";
"565";"4";"200";"Lorem ipsum dolor";"45";"AMOUNTNONE";"565";
"566";"4";"35";"Lorem ipsum dolor";"18";"AMOUNTNONE";"566";
"567";"2";"196";"Lorem ipsum dolor sit";"31";"AMOUNTNONE";"567";
"568";"3";"275";"Lorem ipsum";"73";"AMOUNTOK";"568";
"569";"6";"259";"Lorem ipsum dolor";"22";"AMOUNTOK";"569";
"570";"7";"7";"Lorem ipsum dolor sit";"74";"AMOUNTOK";"570";
"571";"3";"266";"Lorem";"26";"AMOUNTOVERMAX";"571";
"572";"3";"278";"Lorem";"38";"AMOUNTOVERMAX";"572";
"573";"1";"35";"Lorem ipsum";"62";"AMOUNTOVERMAX";"573";
"574";"1";"66";"Lorem ipsum";"41";"AMOUNTNONE";"574";
"575";"3";"236";"Lorem ipsum dolor sit";"40";"AMOUNTNONE";"575";
"576";"7";"203";"Lorem ipsum";"36";"AMOUNTNONE";"576";
"577";"3";"146";"Lorem ipsum dolor";"45";"AMOUNTOK";"577";
"578";"3";"65";"Lorem ipsum dolor";"67";"AMOUNTOK";"578";
"579";"6";"133";"Lorem ipsum dolor sit";"36";"AMOUNTOK";"579";
"580";"4";"195";"Lorem";"16";"AMOUNTOVERMAX";"580";
"581";"1";"290";"Lorem ipsum dolor sit";"54";"AMOUNTOVERMAX";"581";
"582";"3";"86";"Lorem ipsum dolor sit";"36";"AMOUNTOVERMAX";"582";
"583";"4";"223";"Lorem ipsum";"57";"AMOUNTNONE";"583";
"584";"7";"148";"Lorem";"13";"AMOUNTNONE";"584";
"585";"7";"96";"Lorem ipsum";"15";"AMOUNTNONE";"585";
"586";"1";"111";"Lorem ipsum";"75";"AMOUNTOK";"586";
"587";"2";"19";"Lorem ipsum";"73";"AMOUNTOK";"587";
"588";"2";"259";"Lorem ipsum";"63";"AMOUNTOK";"588";
"589";"3";"212";"Lorem ipsum";"43";"AMOUNTOVERMAX";"589";
"590";"4";"65";"Lorem ipsum";"73";"AMOUNTOVERMAX";"590";
"591";"5";"105";"Lorem ipsum";"10";"AMOUNTOVERMAX";"591";
"592";"3";"93";"Lorem";"51";"AMOUNTNONE";"592";
"593";"6";"40";"Lorem ipsum dolor";"30";"AMOUNTNONE";"593";
"594";"5";"164";"Lorem";"36";"AMOUNTNONE";"594";
"595";"4";"159";"Lorem";"27";"AMOUNTOK";"595";
"596";"4";"161";"Lorem ipsum dolor sit";"36";"AMOUNTOK";"596";
"597";"5";"249";"Lorem ipsum dolor sit";"45";"AMOUNTOK";"597";
"598";"7";"252";"Lorem ipsum dolor sit";"50";"AMOUNTOVERMAX";"598";
"599";"3";"204";"Lorem ipsum dolor sit";"74";"AMOUNTOVERMAX";"599";
"600";"6";"1";"Lorem ipsum dolor";"61";"AMOUNTOVERMAX";"600";
"601";"1";"271";"Lorem ipsum";"65";"AMOUNTNONE";"601";
"602";"3";"191";"Lorem ipsum dolor sit";"56";"AMOUNTNONE";"602";
"603";"5";"133";"Lorem ipsum dolor sit";"26";"AMOUNTNONE";"603";
"604";"7";"66";"Lorem ipsum";"67";"AMOUNTOK";"604";
"605";"5";"44";"Lorem ipsum";"33";"AMOUNTOK";"605";
"606";"6";"179";"Lorem ipsum dolor";"14";"AMOUNTOK";"606";
"607";"6";"93";"Lorem ipsum dolor sit";"14";"AMOUNTOVERMAX";"607";
"608";"3";"130";"Lorem ipsum dolor";"48";"AMOUNTOVERMAX";"608";
"609";"3";"67";"Lorem";"55";"AMOUNTOVERMAX";"609";
"610";"7";"286";"Lorem";"33";"AMOUNTNONE";"610";
"611";"2";"162";"Lorem ipsum dolor";"74";"AMOUNTNONE";"611";
"612";"6";"97";"Lorem";"66";"AMOUNTNONE";"612";
"613";"4";"146";"Lorem ipsum dolor sit";"49";"AMOUNTOK";"613";
"614";"5";"172";"Lorem";"28";"AMOUNTOK";"614";
"615";"7";"206";"Lorem ipsum dolor sit";"30";"AMOUNTOK";"615";
"616";"5";"71";"Lorem ipsum dolor sit";"16";"AMOUNTOVERMAX";"616";
"617";"1";"106";"Lorem ipsum dolor sit";"40";"AMOUNTOVERMAX";"617";
"618";"5";"62";"Lorem";"29";"AMOUNTOVERMAX";"618";
"619";"2";"294";"Lorem";"74";"AMOUNTNONE";"619";
"620";"1";"232";"Lorem ipsum dolor sit";"62";"AMOUNTNONE";"620";
"621";"3";"276";"Lorem ipsum";"51";"AMOUNTNONE";"621";
"622";"5";"164";"Lorem ipsum dolor sit";"55";"AMOUNTOK";"622";
"623";"2";"271";"Lorem ipsum dolor";"20";"AMOUNTOK";"623";
"624";"3";"157";"Lorem ipsum dolor";"39";"AMOUNTOK";"624";
"625";"4";"229";"Lorem ipsum dolor";"23";"AMOUNTOVERMAX";"625";
"626";"7";"134";"Lorem";"75";"AMOUNTOVERMAX";"626";
"627";"4";"84";"Lorem ipsum dolor";"63";"AMOUNTOVERMAX";"627";
"628";"1";"290";"Lorem ipsum dolor";"35";"AMOUNTNONE";"628";
"629";"5";"67";"Lorem";"42";"AMOUNTNONE";"629";
"630";"6";"131";"Lorem";"14";"AMOUNTNONE";"630";
"631";"3";"296";"Lorem";"19";"AMOUNTOK";"631";
"632";"3";"76";"Lorem ipsum dolor";"19";"AMOUNTOK";"632";
"633";"3";"54";"Lorem ipsum dolor";"40";"AMOUNTOK";"633";
"634";"6";"112";"Lorem";"54";"AMOUNTOVERMAX";"634";
"635";"5";"296";"Lorem ipsum dolor sit";"11";"AMOUNTOVERMAX";"635";
"636";"7";"113";"Lorem ipsum dolor";"24";"AMOUNTOVERMAX";"636";
"637";"2";"42";"Lorem ipsum dolor sit";"13";"AMOUNTNONE";"637";
"638";"6";"203";"Lorem ipsum dolor sit";"64";"AMOUNTNONE";"638";
"639";"3";"60";"Lorem ipsum dolor sit";"14";"AMOUNTNONE";"639";
"640";"2";"51";"Lorem ipsum";"42";"AMOUNTOK";"640";
"641";"4";"201";"Lorem ipsum dolor sit";"19";"AMOUNTOK";"641";
"642";"3";"229";"Lorem ipsum dolor";"74";"AMOUNTOK";"642";
"643";"1";"5";"Lorem ipsum";"44";"AMOUNTOVERMAX";"643";
"644";"1";"202";"Lorem ipsum";"39";"AMOUNTOVERMAX";"644";
"645";"7";"87";"Lorem";"28";"AMOUNTOVERMAX";"645";
"646";"1";"156";"Lorem ipsum dolor";"67";"AMOUNTNONE";"646";
"647";"4";"110";"Lorem ipsum";"71";"AMOUNTNONE";"647";
"648";"7";"223";"Lorem ipsum dolor sit";"22";"AMOUNTNONE";"648";
"649";"1";"130";"Lorem ipsum dolor";"44";"AMOUNTOK";"649";
"650";"7";"261";"Lorem";"32";"AMOUNTOK";"650";
"651";"2";"73";"Lorem ipsum dolor sit";"15";"AMOUNTOK";"651";
"652";"7";"290";"Lorem ipsum";"65";"AMOUNTOVERMAX";"652";
"653";"6";"276";"Lorem";"34";"AMOUNTOVERMAX";"653";
"654";"3";"94";"Lorem ipsum dolor";"70";"AMOUNTOVERMAX";"654";
"655";"1";"10";"Lorem ipsum dolor";"42";"AMOUNTNONE";"655";
"656";"5";"222";"Lorem";"42";"AMOUNTNONE";"656";
"657";"1";"150";"Lorem ipsum dolor sit";"53";"AMOUNTNONE";"657";
"658";"2";"37";"Lorem ipsum dolor";"70";"AMOUNTOK";"658";
"659";"2";"149";"Lorem ipsum";"37";"AMOUNTOK";"659";
"660";"2";"299";"Lorem ipsum";"24";"AMOUNTOK";"660";
"661";"6";"70";"Lorem ipsum dolor";"29";"AMOUNTOVERMAX";"661";
"662";"4";"165";"Lorem ipsum";"26";"AMOUNTOVERMAX";"662";
"663";"1";"81";"Lorem ipsum dolor";"64";"AMOUNTOVERMAX";"663";
"664";"5";"192";"Lorem ipsum dolor";"55";"AMOUNTNONE";"664";
"665";"6";"83";"Lorem";"38";"AMOUNTNONE";"665";
"666";"2";"267";"Lorem ipsum dolor sit";"52";"AMOUNTNONE";"666";
"667";"4";"13";"Lorem ipsum dolor";"52";"AMOUNTOK";"667";
"668";"4";"142";"Lorem ipsum";"19";"AMOUNTOK";"668";
"669";"1";"52";"Lorem ipsum";"22";"AMOUNTOK";"669";
"670";"7";"201";"Lorem ipsum dolor";"15";"AMOUNTOVERMAX";"670";
"671";"6";"205";"Lorem ipsum dolor";"74";"AMOUNTOVERMAX";"671";
"672";"7";"261";"Lorem";"37";"AMOUNTOVERMAX";"672";
"673";"4";"165";"Lorem ipsum dolor";"19";"AMOUNTNONE";"673";
"674";"5";"102";"Lorem";"54";"AMOUNTNONE";"674";
"675";"5";"284";"Lorem";"17";"AMOUNTNONE";"675";
"676";"3";"272";"Lorem ipsum dolor";"62";"AMOUNTOK";"676";
"677";"2";"251";"Lorem ipsum dolor sit";"74";"AMOUNTOK";"677";
"678";"7";"148";"Lorem";"53";"AMOUNTOK";"678";
"679";"1";"72";"Lorem ipsum dolor";"33";"AMOUNTOVERMAX";"679";
"680";"7";"75";"Lorem ipsum dolor sit";"27";"AMOUNTOVERMAX";"680";
"681";"5";"282";"Lorem ipsum";"29";"AMOUNTOVERMAX";"681";
"682";"4";"8";"Lorem";"54";"AMOUNTNONE";"682";
"683";"6";"187";"Lorem ipsum";"40";"AMOUNTNONE";"683";
"684";"3";"32";"Lorem ipsum dolor";"26";"AMOUNTNONE";"684";
"685";"2";"141";"Lorem ipsum dolor sit";"37";"AMOUNTOK";"685";
"686";"7";"168";"Lorem ipsum";"44";"AMOUNTOK";"686";
"687";"5";"51";"Lorem";"40";"AMOUNTOK";"687";
"688";"4";"128";"Lorem";"29";"AMOUNTOVERMAX";"688";
"689";"2";"79";"Lorem ipsum";"38";"AMOUNTOVERMAX";"689";
"690";"6";"155";"Lorem ipsum dolor";"69";"AMOUNTOVERMAX";"690";
"691";"4";"143";"Lorem";"74";"AMOUNTNONE";"691";
"692";"5";"24";"Lorem ipsum";"53";"AMOUNTNONE";"692";
"693";"7";"139";"Lorem ipsum dolor";"37";"AMOUNTNONE";"693";
"694";"5";"24";"Lorem ipsum";"63";"AMOUNTOK";"694";
"695";"7";"30";"Lorem ipsum dolor sit";"17";"AMOUNTOK";"695";
"696";"2";"211";"Lorem ipsum dolor";"71";"AMOUNTOK";"696";
"697";"2";"265";"Lorem ipsum dolor sit";"47";"AMOUNTOVERMAX";"697";
"698";"5";"221";"Lorem";"17";"AMOUNTOVERMAX";"698";
"699";"6";"237";"Lorem ipsum dolor sit";"18";"AMOUNTOVERMAX";"699";
"700";"5";"71";"Lorem";"21";"AMOUNTNONE";"700";


